antipositivism,type of,epistemology
autoethnography,type of,methods
autoethnography,type of,methods
becoming realism,type of,ontology
being realism,type of,ontology
case studies,type of,methods
conceptual ordering,type of,analytic tool
constructionism,type of,epistemology
constructivism,type of,epistemology
content analysis,type of,methodology
content analysis,type of,methods
context-specific research,type of,methods
controlled experiments,type of,methods
critical discourse analysis,type of,methods
critical inquiry,type of,methodology
critical realism,type of,ontology
critical theory,type of,theory
dialogical methods,type of,methodology
direct interpretation,type of,analytic tool
discourse analysis,type of,methodology
discourse analysis,type of,methods
dramaturgical approach,type of,theoretical perspective
emic research,type of,methodology
empiricism,type of,epistemology
enthnography,type of,methods
ethnography,type of,methods
etic research,type of,methodology
experiments,type of,methodology
experiments,type of,methods
feminism,type of,theoretical perspective
feminist theory,type of,theory
field experiments,type of,methods
formal modeling,type of,analytic tool
game theory,type of,theory
grounded theory,type of,methodology
hermeneutics,type of,methodology
histories,type of,methods
interpretivism,type of,epistemology
microanalysis,type of,methods
mixed methods,type of,methodology
natural experiments,type of,methods
observational study,type of,methodology
positivism,type of,epistemology
post-positivism,type of,epistemology
post-positivism,type of,ontology
qualitative methods,type of,analytic tool
quantitative methods,type of,analytic tool
record-based analysis,type of,methodology
reflexivity,type of,methods
relativism,type of,epistemology
relativism,type of,ontology
representational epistemology,type of,epistemology
speculative theory,type of,theory
surveys,type of,methods
symbolic interactionism,type of,epistemology
thick descriptions,type of,methods
inferential statistics,type of,analytic tool
descriptive statistics,type of,analytic tool
constructionism,similar to,constructivism
post-modernism,similar to,critical theory
analytic tool,part of,analysis
critical realism,part of,postpositivism
dialogical methods,part of,critical theory
dualism,part of,being realism
epistemology,part of,ontology
intentionality,part of,constructionism
intentionality,part of,phenomenology
methods,part of,methodology
objectivity,part of,empiricism
objectivity,part of,positivism
objectivity,part of,representational epistemology
ontology,part of,epistemology
pragmatic explanation,part of,pragmatism
pragmatism,part of,phenomenology
qualitative  methods,part of,mixed methods
quantitative methods,part of,mixed methods
reflexivity,part of,autoethnography
reflexivity,part of,ethnography
reification ,part of,constructionism
representational epistemology,part of,being realism
representational epistemology,part of,etic research
sedimentation,part of,constructionism
subjectivity,part of,subjectivism
theoretical perspective,part of,theory
theory,part of,theoretical perspective
thick descriptions,part of,autoethnography
thick descriptions,part of,ethnography
inferential statistics,part of,quantitative methods
descriptive statistics,part of,quantitative methods
being realism,opposed to,becoming realism
inferential statistics,complement to,descriptive statistics
intentionality,opposed to,objectivity
intentionality,opposed to,subjectivity
nomothetic research,opposed to,ideographic research
objectivity,opposed to,subjectivism
objectivity,opposed to,subjectivity
phenomonology,opposed to,critical theory
positivism,opposed to,interpretivism
post-modernism,opposed to,objectivity
post-modernism,opposed to,structuralism
quantitative methods,opposed to,qualitative methods
speculative theory,opposed to,grounded theory
autoethnography,type of,ethnography
autoethnography,type of,qualitiative methods
case studies,type of,qualitiative methods
content analysis,type of,hermenutics
content analysis,type of,qualitative methods
content analysis,type of,quantitative methods
context-specific research,type of,qualitative methods
controlled experiments,type of,experiments
critical discourse analysis,type of,discourse analysis
critical theory,type of,constructionism
discourse analysis,type of,hermenutics
dramaturgical approach,type of,symbolic interactionism
ethnography,type of,qualitiative methods
ethnography,type of,semantic explanation
experiments,type of,pragmatic explanation
feminist theory,type of,constructionism
field experiments,type of,experiments
formal modeling,type of,syntactic explanation
game theory,type of,symbolic interactionism
grounded theory,type of,symbolic interactionism
ideographic research,type of,theoretical perspective
interpretivism,type of,constructionism
labelling theory,type of,symbolic interactionism
natural experiments,type of,experiments
negotiated-order theory,type of,symbolic interactionism
nomothetic research,type of,theoretical perspective
phenomonology,type of,subjectivism
positivism,type of,empiricism
positivism,type of,representational epistemology
pragmatic explanation,type of,explanatory program
quantitative methods,type of,pragmatic explanation
semantic explanation,type of,explanatory program
syntactic explanation,type of,explanatory program
constructivism,informs,hermenutics
epistemology,informs,methodology
epistemology,informs,theoretical perspective
methodology,informs,methods
methodology,informs,methods
positivism,informs,controlled experiments
relativism,informs,constructionism
relativism,informs,constructivism
symbolic interactionism,informs,ethnography
theoretical perspective,informs,methodology
theory,informs,theoretical perspective
theory,informs,theoretical perspective
post-positivism,evolution of,positivism
symbolic interactionism,evolution of,pragmatism
falsificationism,type of,epistemology 
practice theory,type of,theory
critical naturalism,type of,critical realism
transcendental realism,type of,critical realism
critical realism,type of,epistemology
critical theory,Opposed to,rationalization
retrospective analysis,type of,methods
participatory design,type of,methodology
cooperative inquiry,type of,methodology
embodied cognition ,type of,theoretical perspective
semi-structured interviews,type of,qualitative methods 
ethnography,type of,symbolic interactionism
symbolic interactionism,type of,constructionism
feminist standpoint theory,type of,feminist theory
information economics,type of,theoretical perspective
structural functionalism,type of,epistemology
research through design (RtD),type of,theoretical perspective
information horizon maps,type of,methods
longitudinal study,type of,methods
cohort studies,type of,longitudinal study
verstehen,type of,post-positivism
materialism,evolution of,phenomenology
field study,informs,quantitative methods
field study,type of,ethnography
constructivist grounded theory,type of,grounded theory